category,tensor
mod,1,1,1,1,1,1,0,0,0,0,0,0,0,0,0,0,0,0,0,0,0,0
mod,1,1,1,1,1,0,1,0,0,0,0,0,0,0,0,0,0,0,0,0,0,0
mod,1,1,1,1,0,1,1,0,0,0,0,0,0,0,0,0,0,0,0,0,0,0
mod,1,1,1,0,1,1,1,0,0,0,0,0,0,0,0,0,0,0,0,0,0,0
mod,1,1,1,0,0,0,0,1,1,1,0,0,0,0,0,0,0,0,0,0,0,0
mod,1,1,1,0,0,0,0,1,1,0,1,0,0,0,0,0,0,0,0,0,0,0
mod,1,1,1,0,0,0,0,1,0,1,1,0,0,0,0,0,0,0,0,0,0,0
mod,1,1,1,0,0,0,0,0,1,1,1,0,0,0,0,0,0,0,0,0,0,0
lat,0,0,0,0,0,0,0,0,0,0,0,1,1,1,1,1,1,0,0,0,0,0
lat,0,0,0,0,0,0,0,0,0,0,0,1,1,1,0,1,1,1,0,0,0,0
lat,0,0,0,0,0,0,0,0,0,0,0,1,1,1,0,0,1,1,1,0,0,0
lat,0,0,0,0,0,0,0,0,0,0,0,1,1,1,0,0,0,1,1,1,0,0
lat,0,0,0,0,0,0,0,0,0,0,0,1,1,1,0,0,0,0,1,1,1,0
lat,0,0,0,0,0,0,0,0,0,0,0,1,1,1,0,0,0,0,0,1,1,1
lat,0,0,0,0,0,0,0,0,0,0,0,1,1,1,1,0,0,0,0,0,1,1
lat,0,0,0,0,0,0,0,0,0,0,0,1,1,1,1,1,0,0,0,0,0,1